{"cameraMode":{"drawMode":0,"name":"Shaded","section":"Shading Mode"},"sceneLighting":true,"audioPlay":false,"sceneViewState":{"m_AlwaysRefresh":false,"showFog":true,"showSkybox":true,"showFlares":true,"showImageEffects":true,"showParticleSystems":true,"showVisualEffectGraphs":true,"m_FxEnabled":true},"in2DMode":false,"pivot":{"x":4.272077560424805,"y":0.20571637153625489,"z":-0.08236904442310333},"rotation":{"x":0.015899688005447389,"y":0.7073623538017273,"z":-0.015917956829071046,"w":0.7065109014511108},"size":2.728793144226074,"orthographic":true}