{"cameraMode":{"drawMode":0,"name":"Shaded","section":"Shading Mode"},"sceneLighting":false,"audioPlay":false,"sceneViewState":{"m_AlwaysRefresh":false,"showFog":true,"showSkybox":false,"showFlares":true,"showImageEffects":true,"showParticleSystems":true,"showVisualEffectGraphs":true,"m_FxEnabled":true},"in2DMode":false,"pivot":{"x":1.8892993927001954,"y":2.1999998092651369,"z":-2.890822410583496},"rotation":{"x":0.052530184388160709,"y":0.6380918025970459,"z":-0.04370267316699028,"w":0.7669302225112915},"size":3.6326613426208498,"orthographic":false}